company,URL
Bluewater Federal,https://careers.bwfed.com/jobs
Bluewater Federal,https://careers.bwfed.com/jobs
Semper Valens,https://sempervalens.isolvedhire.com/jobs/
Golden Tech,https://golden-tech-systems.com/current-openings/
Dawson,http://dawsonohana.hrmdirect.com/employment/job-openings.php?search=true&dept=-1&city=-1&state=-1&cust_sort1=199216
Magellan Health,https://careers.magellanhealth.com/us/en/search-results
Jimale Technical Services (JTS),https://jts-seattle.com/careers-at-jts/
American Water,https://jobs.amwater.com/search/?searchby=location&createNewAlert=false&q=&locationsearch=&geolocation=&optionsFacetsDD_department=&optionsFacetsDD_facility=&optionsFacetsDD_state=
General Dynamic Land System,https://generaldynamics-us-careers.ttcportals.com/search/jobs
Evergreen Fire and Security,https://evergreenfireandsecurity.applytojob.com/apply/
MSTC Instructor/Operator,https://goaclc.applicantpro.com/jobs/
Ladgov Corporation,https://httpsladgovcomjobopenings.applytojob.com/apply
"Strength and Conditioning Coaching, H2F",https://compassgovernmentsolutions.my.site.com/
TechWerks,https://techwerks-llc.jobs.net/jobs?keywords=&location=
American Systems,https://www.americansystems.com/career-search
ADS Inc.,https://recruiting.ultipro.com/ADS1000/JobBoard/c2e01e48-e5fb-42a2-ab94-971562a3279b/?q=&o=postedDateDesc
"AcqCentric, Inc.",https://acqcentric.com/careers.html
Allied Universal,"https://jobs.aus.com/search-jobs?fl=6252001,4566966,6251999,4796775"
Capgemini,https://www.capgemini.com/us-en/join-us/?country_code=us-en&size=15
Client Solution Architects,https://csaassociates--careers.multiscreensite.com/
Cubic Corporation,https://cubic.wd1.myworkdayjobs.com/cubic_USA_careers/jobs
Draper,https://careers-draper.icims.com/jobs/search?ss=1
"ECI - Explosive Countermeasures International, Inc.",https://www.nobombs.net/careers
Fuse Integration Inc.,https://www.fuseintegration.com/careers-old/open-positions/
JCTM,https://workforcenow.adp.com/mascsr/default/mdf/recruitment/recruitment.html?cid=9d042e44-88dc-4653-b00c-20949a7beda6&ccId=19000101_000001&lang=en_US&selectedMenuKey=CurrentOpenings
Linchpin Solutions Inc.,https://linchpinsolutions.com/company/careers/
Obera LLC,https://www.oberallc.com/careers/
"PeopleTec, Inc.",https://careers-peopletec.icims.com/jobs/search?ss=1&searchRelation=keyword_all
Precise Systems,https://www.goprecise.com/careers-portal
Quiet Professionals LLC,https://workforcenow.adp.com/mascsr/default/mdf/recruitment/recruitment.html?cid=cde3b712-568f-4216-8217-2d51eeefb1b8&ccId=19000101_000001&type=MP&lang=en_US
SOSi | SOS International,https://sosi.jibeapply.com/jobs
Serco,https://careers-sercous.icims.com/jobs/search?ss=1&searchRelation=keyword_all
"SupplyCore, Inc.",https://apply.workable.com/supplycore-1/?lng=en
"The GEO Group, Inc.",https://jobs.geogroup.com/working-at-geo/jobs
Uvision USA,https://uvisionuav.com/careers/
VTG,https://careers.vtgdefense.com/jobs
Arcfield,http://americanexpress.com/en-us/banking/personal/savings/dashboard?inav=personal_savings_home
Alight,"https://careers.alight.com/us/en/search-results?m=3&location=Virtual,%20Illinois,%20United%20States%20of%20America,%20000000"
Mantech,https://www.mantech.com/careers-listing?jobs=
Collins Aerospace,https://careers.rtx.com/global/en/collins-aerospace-search-results-general
Unifi Service,https://unifi.avature.net/careers